Edition,NOC,Change
1896,AFG,
1900,AFG,
1904,AFG,
1908,AFG,
1912,AFG,
1920,AFG,
1924,AFG,
1928,AFG,
1932,AFG,
1936,AFG,
1948,AFG,
1952,AFG,
1956,AFG,
1960,AFG,
1964,AFG,
1968,AFG,
1972,AFG,
1976,AFG,
1980,AFG,
1984,AFG,
1988,AFG,
1992,AFG,
1996,AFG,
2000,AFG,
2004,AFG,
2008,AFG,
1896,AHO,
1900,AHO,
1904,AHO,
1908,AHO,
1912,AHO,
1920,AHO,
1924,AHO,
1928,AHO,
1932,AHO,
1936,AHO,
1948,AHO,
1952,AHO,
1956,AHO,
1960,AHO,
1964,AHO,
1968,AHO,
1972,AHO,
1976,AHO,
1980,AHO,
1984,AHO,
1988,AHO,
1992,AHO,0.0
1996,AHO,0.0
2000,AHO,0.0
2004,AHO,0.0
2008,AHO,0.0
1896,ALG,
1900,ALG,
1904,ALG,
1908,ALG,
1912,ALG,
1920,ALG,
1924,ALG,
1928,ALG,
1932,ALG,
1936,ALG,
1948,ALG,
1952,ALG,
1956,ALG,
1960,ALG,
1964,ALG,
1968,ALG,
1972,ALG,
1976,ALG,
1980,ALG,
1984,ALG,
1988,ALG,0.0
1992,ALG,-7.2140762463343115
1996,ALG,8.959210746140634
2000,ALG,19.762487649231897
2004,ALG,0.0
2008,ALG,-8.197807420735115
1896,ANZ,
1900,ANZ,
1904,ANZ,
1908,ANZ,
1912,ANZ,-26.092774308653
1920,ANZ,0.0
1924,ANZ,0.0
1928,ANZ,0.0
1932,ANZ,0.0
1936,ANZ,0.0
1948,ANZ,0.0
1952,ANZ,0.0
1956,ANZ,0.0
1960,ANZ,0.0
1964,ANZ,0.0
1968,ANZ,0.0
1972,ANZ,0.0
1976,ANZ,0.0
1980,ANZ,0.0
1984,ANZ,0.0
1988,ANZ,0.0
1992,ANZ,0.0
1996,ANZ,0.0
2000,ANZ,0.0
2004,ANZ,0.0
2008,ANZ,0.0
1896,ARG,
1900,ARG,
1904,ARG,
1908,ARG,
1912,ARG,
1920,ARG,
1924,ARG,
1928,ARG,131.10115236875802
1932,ARG,-25.79420580620565
1936,ARG,-10.271982481249841
1948,ARG,-4.601500059414477
1952,ARG,-10.50854490084767
1956,ARG,-12.310759541174443
1960,ARG,-8.545208662086324
1964,ARG,-10.271937518971086
1968,ARG,-8.350855418365388
1972,ARG,-8.379289410158396
1976,ARG,0.0
1980,ARG,0.0
1984,ARG,0.0
1988,ARG,-1.238896161102454
1992,ARG,-6.767307857883953
1996,ARG,1.3066959716358406
2000,ARG,0.5151895272065943
2004,ARG,9.62536481517895
2008,ARG,8.588555246104445
1896,ARM,
1900,ARM,
1904,ARM,
1908,ARM,
1912,ARM,
1920,ARM,
1924,ARM,
1928,ARM,
1932,ARM,
1936,ARM,
1948,ARM,
1952,ARM,
1956,ARM,
1960,ARM,
1964,ARM,
1968,ARM,
1972,ARM,
1976,ARM,
1980,ARM,
1984,ARM,
1988,ARM,
1992,ARM,
1996,ARM,
2000,ARM,-26.935483870967737
2004,ARM,0.0
2008,ARM,91.2664076469202
1896,AUS,
1900,AUS,-13.13476562500001
1904,AUS,0.0
1908,AUS,0.0
1912,AUS,0.0
1920,AUS,-19.940999730635866
1924,AUS,5.702839118349967
1928,AUS,-8.427271110456779
1932,AUS,-1.468835254753731
1936,AUS,-12.42723264697826
1948,AUS,19.437497586832443
1952,AUS,16.093362281508504
1956,AUS,54.61506316616121
1960,AUS,13.406714027697998
1964,AUS,10.193590256881713
1968,AUS,10.045272382128069
1972,AUS,-1.827743843971874
1976,AUS,-1.1604966652036808
1980,AUS,-3.7930608936680765
1984,AUS,3.6383493287821977
1988,AUS,0.01219318307914552
1992,AUS,2.754114254721074
1996,AUS,10.743274959616
2000,AUS,12.554985976324517
2004,AUS,8.161161928494497
2008,AUS,6.086869518632909
1896,AUT,
1900,AUT,-32.30468750000001
1904,AUT,-30.169386093070273
1908,AUT,-23.01350971540209
1912,AUT,6.254437920769984
1920,AUT,0.0
1924,AUT,-10.77690987032619
1928,AUT,-7.2409376422389204
1932,AUT,-2.91014198348587
1936,AUT,50.59850597139102
1948,AUT,-6.8286196372575265
1952,AUT,-6.96591843295381
1956,AUT,-5.52903885746221
1960,AUT,-5.630258007668321
1964,AUT,0.0
1968,AUT,-4.249911032477827
1972,AUT,-5.194593150382554
1976,AUT,-5.809390097455347
1980,AUT,-3.8111542609218563
1984,AUT,-4.39558789006862
1988,AUT,-4.901572067273863
1992,AUT,-3.03483950992548
1996,AUT,-3.876772843025167
2000,AUT,-3.4642214040384145
2004,AUT,-2.1869221915529757
2008,AUT,-3.3898364040630513
1896,AZE,
1900,AZE,
1904,AZE,
1908,AZE,
1912,AZE,
1920,AZE,
1924,AZE,
1928,AZE,
1932,AZE,
1936,AZE,
1948,AZE,
1952,AZE,
1956,AZE,
1960,AZE,
1964,AZE,
1968,AZE,
1972,AZE,
1976,AZE,
1980,AZE,
1984,AZE,
1988,AZE,
1992,AZE,
1996,AZE,
2000,AZE,88.38709677419357
2004,AZE,48.98214424470131
2008,AZE,31.76443595524503
1896,BAH,
1900,BAH,
1904,BAH,
1908,BAH,
1912,BAH,
1920,BAH,
1924,BAH,
1928,BAH,
1932,BAH,
1936,BAH,
1948,BAH,
1952,BAH,
1956,BAH,
1960,BAH,0.0
1964,BAH,-6.188118811881194
1968,BAH,0.0
1972,BAH,0.0
1976,BAH,0.0
1980,BAH,0.0
1984,BAH,0.0
1988,BAH,0.0
1992,BAH,-24.111658761416187
1996,BAH,16.793716579325313
2000,BAH,11.693272659992449
2004,BAH,-8.71758174595273
2008,BAH,3.9726961258250926
1896,BAR,
1900,BAR,
1904,BAR,
1908,BAR,
1912,BAR,
1920,BAR,
1924,BAR,
1928,BAR,
1932,BAR,
1936,BAR,
1948,BAR,
1952,BAR,
1956,BAR,
1960,BAR,
1964,BAR,
1968,BAR,
1972,BAR,
1976,BAR,
1980,BAR,
1984,BAR,
1988,BAR,
1992,BAR,
1996,BAR,
2000,BAR,
2004,BAR,0.0
2008,BAR,0.0
1896,BDI,
1900,BDI,
1904,BDI,
1908,BDI,
1912,BDI,
1920,BDI,
1924,BDI,
1928,BDI,
1932,BDI,
1936,BDI,
1948,BDI,
1952,BDI,
1956,BDI,
1960,BDI,
1964,BDI,
1968,BDI,
1972,BDI,
1976,BDI,
1980,BDI,
1984,BDI,
1988,BDI,
1992,BDI,
1996,BDI,
2000,BDI,0.0
2004,BDI,0.0
2008,BDI,0.0
1896,BEL,
1900,BEL,
1904,BEL,0.0
1908,BEL,-24.69064931751499
1912,BEL,-20.85819051132648
1920,BEL,54.75788713959784
1924,BEL,-7.763449395232103
1928,BEL,-14.855514101157585
1932,BEL,0.0
1936,BEL,-10.735020209416424
1948,BEL,-8.13513681566248
1952,BEL,-9.177534747098148
1956,BEL,-9.450078121995453
1960,BEL,-7.982946967236703
1964,BEL,-7.61043619160221
1968,BEL,-6.984762485682139
1972,BEL,-6.733158555739771
1976,BEL,-4.991359964043363
1980,BEL,-6.077179983604209
1984,BEL,-5.059191245587302
1988,BEL,-5.246444572677078
1992,BEL,-4.842804856679472
1996,BEL,-4.230211971471909
2000,BEL,-3.937947934906094
2004,BEL,-4.1915778265064985
2008,BEL,-3.771681289632567
1896,BER,
1900,BER,
1904,BER,
1908,BER,
1912,BER,
1920,BER,
1924,BER,
1928,BER,
1932,BER,
1936,BER,
1948,BER,
1952,BER,
1956,BER,
1960,BER,
1964,BER,
1968,BER,
1972,BER,
1976,BER,
1980,BER,0.0
1984,BER,0.0
1988,BER,0.0
1992,BER,0.0
1996,BER,0.0
2000,BER,0.0
2004,BER,0.0
2008,BER,0.0
1896,BLR,
1900,BLR,
1904,BLR,
1908,BLR,
1912,BLR,
1920,BLR,
1924,BLR,
1928,BLR,
1932,BLR,
1936,BLR,
1948,BLR,
1952,BLR,
1956,BLR,
1960,BLR,
1964,BLR,
1968,BLR,
1972,BLR,
1976,BLR,
1980,BLR,
1984,BLR,
1988,BLR,
1992,BLR,
1996,BLR,
2000,BLR,-5.876577840112207
2004,BLR,-8.978451455975911
2008,BLR,9.650950376893007
1896,BOH,
1900,BOH,
1904,BOH,0.0
1908,BOH,29.601990049751237
1912,BOH,0.0
1920,BOH,0.0
1924,BOH,0.0
1928,BOH,0.0
1932,BOH,0.0
1936,BOH,0.0
1948,BOH,0.0
1952,BOH,0.0
1956,BOH,0.0
1960,BOH,0.0
1964,BOH,0.0
1968,BOH,0.0
1972,BOH,0.0
1976,BOH,0.0
1980,BOH,0.0
1984,BOH,0.0
1988,BOH,0.0
1992,BOH,0.0
1996,BOH,0.0
2000,BOH,0.0
2004,BOH,0.0
2008,BOH,0.0
1896,BRA,
1900,BRA,
1904,BRA,
1908,BRA,
1912,BRA,
1920,BRA,
1924,BRA,0.0
1928,BRA,0.0
1932,BRA,0.0
1936,BRA,0.0
1948,BRA,86.67953667953665
1952,BRA,-22.16011778258845
1956,BRA,-21.39525534973663
1960,BRA,27.85571062771335
1964,BRA,8.476356658119123
1968,BRA,-7.798218748858476
1972,BRA,-9.821719045091315
1976,BRA,-7.515267824296634
1980,BRA,-0.12292099379137555
1984,BRA,26.04493519889175
1988,BRA,9.915644479462603
1992,BRA,-0.7441120771067511
1996,BRA,20.11100196621083
2000,BRA,7.98704344802923
2004,BRA,4.4416699072273635
2008,BRA,11.793639791836386
1896,BUL,
1900,BUL,
1904,BUL,
1908,BUL,
1912,BUL,
1920,BUL,
1924,BUL,
1928,BUL,
1932,BUL,
1936,BUL,
1948,BUL,
1952,BUL,
1956,BUL,854.0677966101694
1960,BUL,-8.682550022041935
1964,BUL,0.2573267947385993
1968,BUL,31.333078040087692
1972,BUL,7.312361901549225
1976,BUL,16.545086619246984
1980,BUL,39.992370796023266
1984,BUL,0.0
1988,BUL,1.9314317215156862
1992,BUL,-5.6704094432758705
1996,BUL,-4.363517698862951
2000,BUL,-5.745491062519148
2004,BUL,-4.34990558221301
2008,BUL,-6.209066668250807
1896,BWI,
1900,BWI,
1904,BWI,
1908,BWI,
1912,BWI,
1920,BWI,
1924,BWI,
1928,BWI,
1932,BWI,
1936,BWI,
1948,BWI,
1952,BWI,
1956,BWI,
1960,BWI,
1964,BWI,0.0
1968,BWI,0.0
1972,BWI,0.0
1976,BWI,0.0
1980,BWI,0.0
1984,BWI,0.0
1988,BWI,0.0
1992,BWI,0.0
1996,BWI,0.0
2000,BWI,0.0
2004,BWI,0.0
2008,BWI,0.0
1896,CAN,
1900,CAN,
1904,CAN,903.1914893617021
1908,CAN,20.623816231673043
1912,CAN,-20.219098602266104
1920,CAN,-13.46268504597764
1924,CAN,-5.112272278183694
1928,CAN,7.156429872164094
1932,CAN,10.776137732995196
1936,CAN,-3.511028311843367
1948,CAN,-7.921761562915252
1952,CAN,-7.838411006252044
1956,CAN,-2.3891710812534717
1960,CAN,-5.020568000999692
1964,CAN,-5.875629618783506
1968,CAN,-4.204700990585053
1972,CAN,-4.153719531957966
1976,CAN,-2.143976598610964
1980,CAN,0.0
1984,CAN,8.321443159499564
1988,CAN,-2.466324087680105
1992,CAN,0.17552202806874195
1996,CAN,0.468866646379551
2000,CAN,-1.758520384580431
2004,CAN,-2.8471275707136257
2008,CAN,-1.2698291006748574
1896,CHI,
1900,CHI,
1904,CHI,
1908,CHI,
1912,CHI,
1920,CHI,
1924,CHI,
1928,CHI,
1932,CHI,0.0
1936,CHI,0.0
1948,CHI,0.0
1952,CHI,109.73003374578178
1956,CHI,17.6693690567997
1960,CHI,0.0
1964,CHI,0.0
1968,CHI,0.0
1972,CHI,0.0
1976,CHI,0.0
1980,CHI,0.0
1984,CHI,0.0
1988,CHI,-20.347731020594406
1992,CHI,0.0
1996,CHI,0.0
2000,CHI,44.530286882652526
2004,CHI,-8.328116654027816
2008,CHI,-12.37855332019181
1896,CHN,
1900,CHN,
1904,CHN,
1908,CHN,
1912,CHN,
1920,CHN,
1924,CHN,
1928,CHN,
1932,CHN,
1936,CHN,
1948,CHN,
1952,CHN,
1956,CHN,
1960,CHN,
1964,CHN,
1968,CHN,
1972,CHN,
1976,CHN,
1980,CHN,
1984,CHN,
1988,CHN,-17.093773405052094
1992,CHN,4.2406297971175455
1996,CHN,7.860247335355286
2000,CHN,-3.851278358800869
2004,CHN,0.12886348954850302
2008,CHN,13.251332104552805
1896,CIV,
1900,CIV,
1904,CIV,
1908,CIV,
1912,CIV,
1920,CIV,
1924,CIV,
1928,CIV,
1932,CIV,
1936,CIV,
1948,CIV,
1952,CIV,
1956,CIV,
1960,CIV,
1964,CIV,
1968,CIV,
1972,CIV,
1976,CIV,
1980,CIV,
1984,CIV,
1988,CIV,0.0
1992,CIV,0.0
1996,CIV,0.0
2000,CIV,0.0
2004,CIV,0.0
2008,CIV,0.0
1896,CMR,
1900,CMR,
1904,CMR,
1908,CMR,
1912,CMR,
1920,CMR,
1924,CMR,
1928,CMR,
1932,CMR,
1936,CMR,
1948,CMR,
1952,CMR,
1956,CMR,
1960,CMR,
1964,CMR,
1968,CMR,
1972,CMR,0.0
1976,CMR,0.0
1980,CMR,0.0
1984,CMR,-14.667580534612746
1988,CMR,0.0
1992,CMR,0.0
1996,CMR,0.0
2000,CMR,326.4332366687594
2004,CMR,-21.454821687931002
2008,CMR,-16.466962175651677
1896,COL,
1900,COL,
1904,COL,
1908,COL,
1912,COL,
1920,COL,
1924,COL,
1928,COL,
1932,COL,
1936,COL,
1948,COL,
1952,COL,
1956,COL,
1960,COL,
1964,COL,
1968,COL,
1972,COL,
1976,COL,0.0
1980,COL,0.0
1984,COL,-36.46333104866347
1988,COL,-19.929102163870247
1992,COL,-13.615509987402918
1996,COL,0.0
2000,COL,-11.078926312578263
2004,COL,0.19656261016118837
2008,COL,-0.17071440987067588
1896,CRC,
1900,CRC,
1904,CRC,
1908,CRC,
1912,CRC,
1920,CRC,
1924,CRC,
1928,CRC,
1932,CRC,
1936,CRC,
1948,CRC,
1952,CRC,
1956,CRC,
1960,CRC,
1964,CRC,
1968,CRC,
1972,CRC,
1976,CRC,
1980,CRC,
1984,CRC,
1988,CRC,
1992,CRC,0.0
1996,CRC,-8.418504572350738
2000,CRC,22.518244832867552
2004,CRC,0.0
2008,CRC,0.0
1896,CRO,
1900,CRO,
1904,CRO,
1908,CRO,
1912,CRO,
1920,CRO,
1924,CRO,
1928,CRO,
1932,CRO,
1936,CRO,
1948,CRO,
1952,CRO,
1956,CRO,
1960,CRO,
1964,CRO,
1968,CRO,
1972,CRO,
1976,CRO,
1980,CRO,
1984,CRO,
1988,CRO,
1992,CRO,
1996,CRO,38.658777120315555
2000,CRO,-19.7724039829303
2004,CRO,0.570339843389478
2008,CRO,-15.024504655753624
1896,CUB,
1900,CUB,
1904,CUB,195.1063829787234
1908,CUB,0.0
1912,CUB,0.0
1920,CUB,0.0
1924,CUB,0.0
1928,CUB,0.0
1932,CUB,0.0
1936,CUB,0.0
1948,CUB,-26.22863408732191
1952,CUB,0.0
1956,CUB,0.0
1960,CUB,0.0
1964,CUB,-22.08933534368117
1968,CUB,9.27844171140264
1972,CUB,26.069465599368733
1976,CUB,14.49720983910816
1980,CUB,4.746495794596006
1984,CUB,0.0
1988,CUB,0.0
1992,CUB,31.154706273425738
1996,CUB,11.355483230732144
2000,CUB,10.379885957546065
2004,CUB,6.083354486852155
2008,CUB,1.7649214737459396
1896,CZE,
1900,CZE,
1904,CZE,
1908,CZE,
1912,CZE,
1920,CZE,
1924,CZE,
1928,CZE,
1932,CZE,
1936,CZE,
1948,CZE,
1952,CZE,
1956,CZE,
1960,CZE,
1964,CZE,
1968,CZE,
1972,CZE,
1976,CZE,
1980,CZE,
1984,CZE,
1988,CZE,
1992,CZE,
1996,CZE,
2000,CZE,-18.06451612903226
2004,CZE,1.6071189299535993
2008,CZE,-10.279512646457423
1896,DEN,
1900,DEN,-35.25390625
1904,DEN,0.0
1908,DEN,-9.160582207114254
1912,DEN,76.53454035167371
1920,DEN,8.010744913235035
1924,DEN,-11.589529913501506
1928,DEN,-7.64638215744291
1932,DEN,-7.472397604250025
1936,DEN,-8.847963417647964
1948,DEN,9.616318659017198
1952,DEN,-6.354892772516896
1956,DEN,-6.240864239987632
1960,DEN,-0.9004616649431085
1964,DEN,-4.2432968853175375
1968,DEN,-2.9751810952812874
1972,DEN,-6.056040996964351
1976,DEN,-4.470758395065111
1980,DEN,-4.2424969550258655
1984,DEN,-2.947616010286014
1988,DEN,-4.0017883783743375
1992,DEN,-2.9659918116576756
1996,DEN,-1.767749520512918
2000,DEN,-1.7485046901966173
2004,DEN,-1.2006406019763438
2008,DEN,-2.249724873962766
1896,DJI,
1900,DJI,
1904,DJI,
1908,DJI,
1912,DJI,
1920,DJI,
1924,DJI,
1928,DJI,
1932,DJI,
1936,DJI,
1948,DJI,
1952,DJI,
1956,DJI,
1960,DJI,
1964,DJI,
1968,DJI,
1972,DJI,
1976,DJI,
1980,DJI,
1984,DJI,
1988,DJI,
1992,DJI,0.0
1996,DJI,0.0
2000,DJI,0.0
2004,DJI,0.0
2008,DJI,0.0
1896,DOM,
1900,DOM,
1904,DOM,
1908,DOM,
1912,DOM,
1920,DOM,
1924,DOM,
1928,DOM,
1932,DOM,
1936,DOM,
1948,DOM,
1952,DOM,
1956,DOM,
1960,DOM,
1964,DOM,
1968,DOM,
1972,DOM,
1976,DOM,
1980,DOM,
1984,DOM,
1988,DOM,0.0
1992,DOM,0.0
1996,DOM,0.0
2000,DOM,0.0
2004,DOM,-13.488488488488493
2008,DOM,21.726436946389825
1896,ECU,
1900,ECU,
1904,ECU,
1908,ECU,
1912,ECU,
1920,ECU,
1924,ECU,
1928,ECU,
1932,ECU,
1936,ECU,
1948,ECU,
1952,ECU,
1956,ECU,
1960,ECU,
1964,ECU,
1968,ECU,
1972,ECU,
1976,ECU,
1980,ECU,
1984,ECU,
1988,ECU,
1992,ECU,
1996,ECU,
2000,ECU,0.0
2004,ECU,0.0
2008,ECU,-4.480901077375121
1896,EGY,
1900,EGY,
1904,EGY,
1908,EGY,
1912,EGY,
1920,EGY,
1924,EGY,
1928,EGY,
1932,EGY,0.0
1936,EGY,0.7142857142857117
1948,EGY,2.7520750925006165
1952,EGY,-20.17658169907264
1956,EGY,0.0
1960,EGY,-10.255091546742678
1964,EGY,0.0
1968,EGY,0.0
1972,EGY,0.0
1976,EGY,0.0
1980,EGY,0.0
1984,EGY,-13.931586903333116
1988,EGY,0.0
1992,EGY,0.0
1996,EGY,0.0
2000,EGY,0.0
2004,EGY,-4.340612708534297
2008,EGY,-10.719838421904749
1896,ERI,
1900,ERI,
1904,ERI,
1908,ERI,
1912,ERI,
1920,ERI,
1924,ERI,
1928,ERI,
1932,ERI,
1936,ERI,
1948,ERI,
1952,ERI,
1956,ERI,
1960,ERI,
1964,ERI,
1968,ERI,
1972,ERI,
1976,ERI,
1980,ERI,
1984,ERI,
1988,ERI,
1992,ERI,
1996,ERI,
2000,ERI,
2004,ERI,
2008,ERI,0.0
1896,ESP,
1900,ESP,
1904,ESP,0.0
1908,ESP,0.0
1912,ESP,0.0
1920,ESP,186.67180277349772
1924,ESP,0.0
1928,ESP,-20.755766345812944
1932,ESP,-20.4190852383625
1936,ESP,0.0
1948,ESP,-9.562289755677877
1952,ESP,-13.731209000677369
1956,ESP,0.0
1960,ESP,26.870605372122714
1964,ESP,0.0
1968,ESP,0.0
1972,ESP,-10.990942557118489
1976,ESP,-2.9004498326322903
1980,ESP,18.64161281818115
1984,ESP,7.426094795370153
1988,ESP,-4.833115062633963
1992,ESP,32.943248147559466
1996,ESP,19.283122526575667
2000,ESP,5.5763056086922225
2004,ESP,0.634407304965956
2008,ESP,10.683944535588585
1896,EST,
1900,EST,
1904,EST,
1908,EST,
1912,EST,
1920,EST,
1924,EST,96.83257918552037
1928,EST,59.54605795693701
1932,EST,0.0
1936,EST,2.554997246789159
1948,EST,0.0
1952,EST,0.0
1956,EST,0.0
1960,EST,0.0
1964,EST,0.0
1968,EST,0.0
1972,EST,0.0
1976,EST,0.0
1980,EST,0.0
1984,EST,0.0
1988,EST,0.0
1992,EST,-15.272403351860975
1996,EST,0.0
2000,EST,-12.732220428428409
2004,EST,-10.388426590616495
2008,EST,-8.776544544270493
1896,ETH,
1900,ETH,
1904,ETH,
1908,ETH,
1912,ETH,
1920,ETH,
1924,ETH,
1928,ETH,
1932,ETH,
1936,ETH,
1948,ETH,
1952,ETH,
1956,ETH,
1960,ETH,
1964,ETH,-6.336633663366342
1968,ETH,27.55707664240812
1972,ETH,6.149129837983147
1976,ETH,0.0
1980,ETH,20.113573492257974
1984,ETH,0.0
1988,ETH,0.0
1992,ETH,0.31308599798540726
1996,ETH,-0.9789650528899241
2000,ETH,16.4284814051314
2004,ETH,8.378424914443826
2008,ETH,5.835833279399361
1896,EUA,
1900,EUA,
1904,EUA,
1908,EUA,
1912,EUA,
1920,EUA,
1924,EUA,
1928,EUA,
1932,EUA,
1936,EUA,
1948,EUA,
1952,EUA,
1956,EUA,
1960,EUA,27.45554362095717
1964,EUA,12.901031664100904
1968,EUA,0.0
1972,EUA,0.0
1976,EUA,0.0
1980,EUA,0.0
1984,EUA,0.0
1988,EUA,0.0
1992,EUA,0.0
1996,EUA,0.0
2000,EUA,0.0
2004,EUA,0.0
2008,EUA,0.0
1896,EUN,
1900,EUN,
1904,EUN,
1908,EUN,
1912,EUN,
1920,EUN,
1924,EUN,
1928,EUN,
1932,EUN,
1936,EUN,
1948,EUN,
1952,EUN,
1956,EUN,
1960,EUN,
1964,EUN,
1968,EUN,
1972,EUN,
1976,EUN,
1980,EUN,
1984,EUN,
1988,EUN,
1992,EUN,
1996,EUN,0.0
2000,EUN,0.0
2004,EUN,0.0
2008,EUN,0.0
1896,FIN,
1900,FIN,
1904,FIN,
1908,FIN,
1912,FIN,54.94447691408533
1920,FIN,-10.817808045373955
1924,FIN,4.504950853354406
1928,FIN,-6.479940635166037
1932,FIN,-0.5329732165968548
1936,FIN,-5.524782727082633
1948,FIN,-2.7714360219377565
1952,FIN,0.1216618966010774
1956,FIN,-3.407148565207707
1960,FIN,-7.654135934172112
1964,FIN,-7.2954509018313125
1968,FIN,-6.88239593431862
1972,FIN,-5.386141165601844
1976,FIN,-5.722513049524092
1980,FIN,-4.924953101631113
1984,FIN,-4.219722726445518
1988,FIN,-5.039827755430027
1992,FIN,-4.446723846766254
1996,FIN,-4.57459158526855
2000,FIN,-4.272275796302461
2004,FIN,-4.348500212536532
2008,FIN,-3.866046544162105
1896,FRA,
1900,FRA,198.00248579545453
1904,FRA,0.0
1908,FRA,-26.649045909566972
1912,FRA,-20.56498232639529
1920,FRA,-2.824039702780601
1924,FRA,2.04636213069771
1928,FRA,-8.510922160263712
1932,FRA,-5.9467367436292555
1936,FRA,-6.052107165087928
1948,FRA,-1.7615674735768638
1952,FRA,-5.087326262331859
1956,FRA,-5.146349131074624
1960,FRA,-6.622560524064758
1964,FRA,-4.524850637891076
1968,FRA,-4.483022195922448
1972,FRA,-4.730600897453863
1976,FRA,-4.643257798966227
1980,FRA,-3.8812615659739813
1984,FRA,-1.5846249974056703
1988,FRA,-3.570875102160742
1992,FRA,-2.246345083322976
1996,FRA,-2.5296958191584396
2000,FRA,-1.986047554682513
2004,FRA,-2.2965040863707875
2008,FRA,-1.421791941701278
1896,FRG,
1900,FRG,
1904,FRG,
1908,FRG,
1912,FRG,
1920,FRG,
1924,FRG,
1928,FRG,
1932,FRG,
1936,FRG,
1948,FRG,
1952,FRG,
1956,FRG,
1960,FRG,
1964,FRG,
1968,FRG,
1972,FRG,35.22862309480757
1976,FRG,-3.525977219361498
1980,FRG,0.0
1984,FRG,18.387831038467638
1988,FRG,-0.08522258922909476
1992,FRG,0.0
1996,FRG,0.0
2000,FRG,0.0
2004,FRG,0.0
2008,FRG,0.0
1896,GBR,
1900,GBR,114.3136160714286
1904,GBR,-31.90562325199603
1908,GBR,134.4892179985125
1912,GBR,2.793012214648405
1920,GBR,-8.241291316516053
1924,GBR,-7.157549018164156
1928,GBR,-5.52969332118648
1932,GBR,-6.430489867441336
1936,GBR,-6.6495564932688715
1948,GBR,-3.635059322888756
1952,GBR,-5.7027558732301475
1956,GBR,-3.9373997154329654
1960,GBR,-4.87674979201651
1964,GBR,-4.724986088649241
1968,GBR,-5.046773954281091
1972,GBR,-4.2105912508588865
1976,GBR,-3.9040002876715607
1980,GBR,-3.1088722249336898
1984,GBR,-1.7871974285919467
1988,GBR,-2.5976129768145007
1992,GBR,-2.7311003816583024
1996,GBR,-3.4969011622480117
2000,GBR,-2.517516280868326
2004,GBR,-2.302551367798078
2008,GBR,-1.6379676295759649
1896,GDR,
1900,GDR,
1904,GDR,
1908,GDR,
1912,GDR,
1920,GDR,
1924,GDR,
1928,GDR,
1932,GDR,
1936,GDR,
1948,GDR,
1952,GDR,
1956,GDR,
1960,GDR,
1964,GDR,
1968,GDR,
1972,GDR,76.24141639778274
1976,GDR,22.920222148587797
1980,GDR,18.73146977571889
1984,GDR,0.0
1988,GDR,-2.30864535014339
1992,GDR,0.0
1996,GDR,0.0
2000,GDR,0.0
2004,GDR,0.0
2008,GDR,0.0
1896,GEO,
1900,GEO,
1904,GEO,
1908,GEO,
1912,GEO,
1920,GEO,
1924,GEO,
1928,GEO,
1932,GEO,
1936,GEO,
1948,GEO,
1952,GEO,
1956,GEO,
1960,GEO,
1964,GEO,
1968,GEO,
1972,GEO,
1976,GEO,
1980,GEO,
1984,GEO,
1988,GEO,
1992,GEO,
1996,GEO,
2000,GEO,88.38709677419357
2004,GEO,-0.40714230211946756
2008,GEO,11.391970185715405
1896,GER,
1900,GER,-32.12594696969697
1904,GER,-27.11772752797176
1908,GER,-18.67232799739541
1912,GER,-6.634381945194456
1920,GER,0.0
1924,GER,0.0
1928,GER,3.922316499561984
1932,GER,-3.9387339639688657
1936,GER,24.108010801098946
1948,GER,0.0
1952,GER,-6.195576229383537
1956,GER,0.0
1960,GER,0.0
1964,GER,0.0
1968,GER,0.0
1972,GER,0.0
1976,GER,0.0
1980,GER,0.0
1984,GER,0.0
1988,GER,0.0
1992,GER,2.1722972208741753
1996,GER,-2.8700810926296727
2000,GER,-3.13533396912139
2004,GER,-1.4373035167602355
2008,GER,-3.2344014267009946
1896,GHA,
1900,GHA,
1904,GHA,
1908,GHA,
1912,GHA,
1920,GHA,
1924,GHA,
1928,GHA,
1932,GHA,
1936,GHA,
1948,GHA,
1952,GHA,
1956,GHA,
1960,GHA,
1964,GHA,-6.336633663366342
1968,GHA,0.0
1972,GHA,-6.844720386080406
1976,GHA,0.0
1980,GHA,0.0
1984,GHA,0.0
1988,GHA,0.0
1992,GHA,167.68607328491464
1996,GHA,0.0
2000,GHA,0.0
2004,GHA,0.0
2008,GHA,0.0
1896,GRE,
1900,GRE,0.0
1904,GRE,-49.38216039279869
1908,GRE,-32.619800520475785
1912,GRE,-24.518978553919734
1920,GRE,-19.13098905791496
1924,GRE,0.0
1928,GRE,0.0
1932,GRE,0.0
1936,GRE,0.0
1948,GRE,0.0
1952,GRE,0.0
1956,GRE,-16.403988918442135
1960,GRE,-13.474964429218861
1964,GRE,0.0
1968,GRE,-12.266201450676084
1972,GRE,-10.698925651726876
1976,GRE,0.0
1980,GRE,-9.112720615969018
1984,GRE,-8.75343086090008
1988,GRE,-8.173356732605331
1992,GRE,-7.400671948684678
1996,GRE,-6.069972034228099
2000,GRE,-4.4537125986304105
2004,GRE,-2.4786345770191454
2008,GRE,-5.078186407863273
1896,GUY,
1900,GUY,
1904,GUY,
1908,GUY,
1912,GUY,
1920,GUY,
1924,GUY,
1928,GUY,
1932,GUY,
1936,GUY,
1948,GUY,
1952,GUY,
1956,GUY,
1960,GUY,
1964,GUY,
1968,GUY,
1972,GUY,
1976,GUY,
1980,GUY,
1984,GUY,0.0
1988,GUY,0.0
1992,GUY,0.0
1996,GUY,0.0
2000,GUY,0.0
2004,GUY,0.0
2008,GUY,0.0
1896,HAI,
1900,HAI,
1904,HAI,
1908,HAI,
1912,HAI,
1920,HAI,
1924,HAI,
1928,HAI,-41.10663983903421
1932,HAI,0.0
1936,HAI,0.0
1948,HAI,0.0
1952,HAI,0.0
1956,HAI,0.0
1960,HAI,0.0
1964,HAI,0.0
1968,HAI,0.0
1972,HAI,0.0
1976,HAI,0.0
1980,HAI,0.0
1984,HAI,0.0
1988,HAI,0.0
1992,HAI,0.0
1996,HAI,0.0
2000,HAI,0.0
2004,HAI,0.0
2008,HAI,0.0
1896,HKG,
1900,HKG,
1904,HKG,
1908,HKG,
1912,HKG,
1920,HKG,
1924,HKG,
1928,HKG,
1932,HKG,
1936,HKG,
1948,HKG,
1952,HKG,
1956,HKG,
1960,HKG,
1964,HKG,
1968,HKG,
1972,HKG,
1976,HKG,
1980,HKG,
1984,HKG,
1988,HKG,
1992,HKG,
1996,HKG,
2000,HKG,0.0
2004,HKG,43.04304304304305
2008,HKG,0.0
1896,HUN,
1900,HUN,-37.711588541666664
1904,HUN,-21.87136193563093
1908,HUN,3.9444067735261212
1912,HUN,13.7298991454051
1920,HUN,0.0
1924,HUN,-0.17141715510211597
1928,HUN,3.3482968166083316
1932,HUN,15.077764249114
1936,HUN,8.53974570890883
1948,HUN,15.021930247924931
1952,HUN,21.390864980348525
1956,HUN,6.318189402436025
1960,HUN,5.271158915932883
1964,HUN,1.4601235380770516
1968,HUN,4.547061854995849
1972,HUN,2.4988263603241467
1976,HUN,-0.9291345700199183
1980,HUN,-0.6281406759140462
1984,HUN,0.0
1988,HUN,-2.223221954869925
1992,HUN,-2.260967039113926
1996,HUN,-2.4228474826970214
2000,HUN,-1.9434917419003606
2004,HUN,-2.4159325359688233
2008,HUN,-2.913628239609023
1896,INA,
1900,INA,
1904,INA,
1908,INA,
1912,INA,
1920,INA,
1924,INA,
1928,INA,
1932,INA,
1936,INA,
1948,INA,
1952,INA,
1956,INA,
1960,INA,
1964,INA,
1968,INA,
1972,INA,
1976,INA,
1980,INA,
1984,INA,
1988,INA,
1992,INA,40.67448680351906
1996,INA,6.078215386917951
2000,INA,9.276907763306097
2004,INA,-4.1830475293411995
2008,INA,2.1770684878112068
1896,IND,
1900,IND,
1904,IND,0.0
1908,IND,0.0
1912,IND,0.0
1920,IND,0.0
1924,IND,0.0
1928,IND,220.4225352112676
1932,IND,14.300247178295944
1936,IND,12.945064908807268
1948,IND,10.411516035010315
1952,IND,-0.9041209672349226
1956,IND,1.2360158074044225
1960,IND,-2.2060453224435284
1964,IND,-1.6832573243837023
1968,IND,-1.54544847969591
1972,IND,-2.7516400590538392
1976,IND,0.0
1980,IND,-2.498853101988474
1984,IND,0.0
1988,IND,0.0
1992,IND,0.0
1996,IND,-7.434730484661111
2000,IND,-6.904472092310221
2004,IND,-6.425639197318089
2008,IND,-5.541170230132774
1896,IOP,
1900,IOP,
1904,IOP,
1908,IOP,
1912,IOP,
1920,IOP,
1924,IOP,
1928,IOP,
1932,IOP,
1936,IOP,
1948,IOP,
1952,IOP,
1956,IOP,
1960,IOP,
1964,IOP,
1968,IOP,
1972,IOP,
1976,IOP,
1980,IOP,
1984,IOP,
1988,IOP,
1992,IOP,
1996,IOP,0.0
2000,IOP,0.0
2004,IOP,0.0
2008,IOP,0.0
1896,IRI,
1900,IRI,
1904,IRI,
1908,IRI,
1912,IRI,
1920,IRI,
1924,IRI,
1928,IRI,
1932,IRI,
1936,IRI,
1948,IRI,
1952,IRI,270.4724409448819
1956,IRI,8.045093671635929
1960,IRI,-1.9434213754407237
1964,IRI,-11.786555451353408
1968,IRI,2.3358892813204024
1972,IRI,-5.977095605562576
1976,IRI,-7.819203096541372
1980,IRI,0.0
1984,IRI,0.0
1988,IRI,-9.20609855060781
1992,IRI,-4.863231004449398
1996,IRI,-4.589028763635461
2000,IRI,-3.0128615501153533
2004,IRI,-0.03202639732619028
2008,IRI,-4.822164438465348
1896,IRL,
1900,IRL,
1904,IRL,
1908,IRL,
1912,IRL,
1920,IRL,
1924,IRL,
1928,IRL,
1932,IRL,65.4471544715447
1936,IRL,0.0
1948,IRL,0.0
1952,IRL,-17.24259283314401
1956,IRL,48.24178386686173
1960,IRL,0.0
1964,IRL,-13.073239678415637
1968,IRL,0.0
1972,IRL,0.0
1976,IRL,0.0
1980,IRL,-2.1602018935570677
1984,IRL,-10.258551688143324
1988,IRL,0.0
1992,IRL,-5.779910645571517
1996,IRL,0.5182003663199097
2000,IRL,-7.598424991226205
2004,IRL,0.0
2008,IRL,-2.0962804168665694
1896,IRQ,
1900,IRQ,
1904,IRQ,
1908,IRQ,
1912,IRQ,
1920,IRQ,
1924,IRQ,
1928,IRQ,
1932,IRQ,
1936,IRQ,
1948,IRQ,
1952,IRQ,
1956,IRQ,
1960,IRQ,
1964,IRQ,0.0
1968,IRQ,0.0
1972,IRQ,0.0
1976,IRQ,0.0
1980,IRQ,0.0
1984,IRQ,0.0
1988,IRQ,0.0
1992,IRQ,0.0
1996,IRQ,0.0
2000,IRQ,0.0
2004,IRQ,0.0
2008,IRQ,0.0
1896,ISL,
1900,ISL,
1904,ISL,
1908,ISL,
1912,ISL,
1920,ISL,
1924,ISL,
1928,ISL,
1932,ISL,
1936,ISL,
1948,ISL,
1952,ISL,
1956,ISL,
1960,ISL,0.0
1964,ISL,0.0
1968,ISL,0.0
1972,ISL,0.0
1976,ISL,0.0
1980,ISL,0.0
1984,ISL,-19.671007539410557
1988,ISL,0.0
1992,ISL,0.0
1996,ISL,0.0
2000,ISL,-15.108035016105037
2004,ISL,0.0
2008,ISL,197.4419385566514
1896,ISR,
1900,ISR,
1904,ISR,
1908,ISR,
1912,ISR,
1920,ISR,
1924,ISR,
1928,ISR,
1932,ISR,
1936,ISR,
1948,ISR,
1952,ISR,
1956,ISR,
1960,ISR,
1964,ISR,
1968,ISR,
1972,ISR,
1976,ISR,
1980,ISR,
1984,ISR,
1988,ISR,
1992,ISR,
1996,ISR,-27.071005917159763
2000,ISR,-13.995943204868155
2004,ISR,9.013376584131304
2008,ISR,-7.788480895932626
1896,ISV,
1900,ISV,
1904,ISV,
1908,ISV,
1912,ISV,
1920,ISV,
1924,ISV,
1928,ISV,
1932,ISV,
1936,ISV,
1948,ISV,
1952,ISV,
1956,ISV,
1960,ISV,
1964,ISV,
1968,ISV,
1972,ISV,
1976,ISV,
1980,ISV,
1984,ISV,
1988,ISV,
1992,ISV,0.0
1996,ISV,0.0
2000,ISV,0.0
2004,ISV,0.0
2008,ISV,0.0
1896,ITA,
1900,ITA,
1904,ITA,0.0
1908,ITA,5.7213930348258835
1912,ITA,62.430574941841144
1920,ITA,95.5935037428043
1924,ITA,23.971652933042087
1928,ITA,33.84491105432219
1932,ITA,26.79312832059577
1936,ITA,5.872371606489013
1948,ITA,3.6017083488528945
1952,ITA,-0.15468847758959292
1956,ITA,-1.2755389129759376
1960,ITA,5.596173694600548
1964,ITA,-1.6505959266713832
1968,ITA,-3.566455639786692
1972,ITA,-4.313865313140653
1976,ITA,-3.654404274435308
1980,ITA,-3.034940842759115
1984,ITA,-1.066329549929157
1988,ITA,-3.39570565617785
1992,ITA,-2.358676373923041
1996,ITA,-1.1148341700815023
2000,ITA,-1.571947413841368
2004,ITA,0.22528044308662842
2008,ITA,-2.404936068692687
1896,JAM,
1900,JAM,
1904,JAM,
1908,JAM,
1912,JAM,
1920,JAM,
1924,JAM,
1928,JAM,
1932,JAM,
1936,JAM,
1948,JAM,
1952,JAM,72.08473940757405
1956,JAM,0.0
1960,JAM,0.0
1964,JAM,0.0
1968,JAM,-28.23555588571123
1972,JAM,-20.364750402933552
1976,JAM,-11.543403665373065
1980,JAM,-5.422961738657284
1984,JAM,5.088678729660767
1988,JAM,0.18658643906688255
1992,JAM,-2.9460813119447926
1996,JAM,17.777438394463264
2000,JAM,19.343852820926656
2004,JAM,4.116285758156324
2008,JAM,6.430485716558243
1896,JPN,
1900,JPN,
1904,JPN,
1908,JPN,
1912,JPN,
1920,JPN,
1924,JPN,-25.52790346907995
1928,JPN,184.87445177393474
1932,JPN,231.99989259623854
1936,JPN,9.485578250132232
1948,JPN,0.0
1952,JPN,-4.04433085682313
1956,JPN,8.366506614239011
1960,JPN,9.676101952351846
1964,JPN,23.526654409434357
1968,JPN,15.881487636650316
1972,JPN,5.674178499813998
1976,JPN,0.1816196604109921
1980,JPN,0.0
1984,JPN,0.6945551926420102
1988,JPN,-4.163733078052667
1992,JPN,-0.48438985993100037
1996,JPN,-1.3629801401503827
2000,JPN,-1.5802622426706048
2004,JPN,3.5459395421784112
2008,JPN,-0.8425638001450464
1896,KAZ,
1900,KAZ,
1904,KAZ,
1908,KAZ,
1912,KAZ,
1920,KAZ,
1924,KAZ,
1928,KAZ,
1932,KAZ,
1936,KAZ,
1948,KAZ,
1952,KAZ,
1956,KAZ,
1960,KAZ,
1964,KAZ,
1968,KAZ,
1972,KAZ,
1976,KAZ,
1980,KAZ,
1984,KAZ,
1988,KAZ,
1992,KAZ,
1996,KAZ,
2000,KAZ,-20.645161290322577
2004,KAZ,-4.909245288649078
2008,KAZ,10.645328404698917
1896,KEN,
1900,KEN,
1904,KEN,
1908,KEN,
1912,KEN,
1920,KEN,
1924,KEN,
1928,KEN,
1932,KEN,
1936,KEN,
1948,KEN,
1952,KEN,
1956,KEN,
1960,KEN,
1964,KEN,
1968,KEN,537.7788554801164
1972,KEN,20.12222843588607
1976,KEN,0.0
1980,KEN,0.0
1984,KEN,-18.22305676237229
1988,KEN,-1.2301838299537682
1992,KEN,-3.9026573801078768
1996,KEN,-3.8439487499688285
2000,KEN,-4.8296044179538145
2004,KEN,-3.8860265916287218
2008,KEN,3.239410604249837
1896,KGZ,
1900,KGZ,
1904,KGZ,
1908,KGZ,
1912,KGZ,
1920,KGZ,
1924,KGZ,
1928,KGZ,
1932,KGZ,
1936,KGZ,
1948,KGZ,
1952,KGZ,
1956,KGZ,
1960,KGZ,
1964,KGZ,
1968,KGZ,
1972,KGZ,
1976,KGZ,
1980,KGZ,
1984,KGZ,
1988,KGZ,
1992,KGZ,
1996,KGZ,
2000,KGZ,
2004,KGZ,0.0
2008,KGZ,48.67776689520078
1896,KOR,
1900,KOR,
1904,KOR,
1908,KOR,
1912,KOR,
1920,KOR,
1924,KOR,
1928,KOR,
1932,KOR,
1936,KOR,
1948,KOR,
1952,KOR,-4.218222722159737
1956,KOR,-1.3239735351263437
1960,KOR,0.0
1964,KOR,6.977150042553859
1968,KOR,-4.382548446777479
1972,KOR,-10.745571025136513
1976,KOR,73.49159638056526
1980,KOR,0.0
1984,KOR,85.32896736829146
1988,KOR,70.07072657908179
1992,KOR,14.789186879571158
1996,KOR,15.161867483919167
2000,KOR,11.365815890031561
2004,KOR,4.037570729080819
2008,KOR,8.222746617987786
1896,KSA,
1900,KSA,
1904,KSA,
1908,KSA,
1912,KSA,
1920,KSA,
1924,KSA,
1928,KSA,
1932,KSA,
1936,KSA,
1948,KSA,
1952,KSA,
1956,KSA,
1960,KSA,
1964,KSA,
1968,KSA,
1972,KSA,
1976,KSA,
1980,KSA,
1984,KSA,
1988,KSA,
1992,KSA,
1996,KSA,
2000,KSA,
2004,KSA,0.0
2008,KSA,0.0
1896,KUW,
1900,KUW,
1904,KUW,
1908,KUW,
1912,KUW,
1920,KUW,
1924,KUW,
1928,KUW,
1932,KUW,
1936,KUW,
1948,KUW,
1952,KUW,
1956,KUW,
1960,KUW,
1964,KUW,
1968,KUW,
1972,KUW,
1976,KUW,
1980,KUW,
1984,KUW,
1988,KUW,
1992,KUW,
1996,KUW,
2000,KUW,
2004,KUW,0.0
2008,KUW,0.0
1896,LAT,
1900,LAT,
1904,LAT,
1908,LAT,
1912,LAT,
1920,LAT,
1924,LAT,
1928,LAT,
1932,LAT,
1936,LAT,20.285714285714285
1948,LAT,0.0
1952,LAT,0.0
1956,LAT,0.0
1960,LAT,0.0
1964,LAT,0.0
1968,LAT,0.0
1972,LAT,0.0
1976,LAT,0.0
1980,LAT,0.0
1984,LAT,0.0
1988,LAT,0.0
1992,LAT,-3.3460805279056705
1996,LAT,-17.88619079400292
2000,LAT,-0.8176595378002638
2004,LAT,5.0055981954081785
2008,LAT,-1.3035809235153573
1896,LIB,
1900,LIB,
1904,LIB,
1908,LIB,
1912,LIB,
1920,LIB,
1924,LIB,
1928,LIB,
1932,LIB,
1936,LIB,
1948,LIB,
1952,LIB,
1956,LIB,0.0
1960,LIB,0.0
1964,LIB,0.0
1968,LIB,0.0
1972,LIB,-31.244725738396628
1976,LIB,0.0
1980,LIB,-17.7963023882471
1984,LIB,0.0
1988,LIB,0.0
1992,LIB,0.0
1996,LIB,0.0
2000,LIB,0.0
2004,LIB,0.0
2008,LIB,0.0
1896,LTU,
1900,LTU,
1904,LTU,
1908,LTU,
1912,LTU,
1920,LTU,
1924,LTU,
1928,LTU,
1932,LTU,
1936,LTU,
1948,LTU,
1952,LTU,
1956,LTU,
1960,LTU,
1964,LTU,
1968,LTU,
1972,LTU,
1976,LTU,
1980,LTU,
1984,LTU,
1988,LTU,
1992,LTU,
1996,LTU,-7.66954938552572
2000,LTU,6.61408265549257
2004,LTU,-19.99864962064407
2008,LTU,-11.844164718710681
1896,LUX,
1900,LUX,
1904,LUX,
1908,LUX,
1912,LUX,
1920,LUX,
1924,LUX,0.0
1928,LUX,0.0
1932,LUX,0.0
1936,LUX,0.0
1948,LUX,0.0
1952,LUX,23.003374578177716
1956,LUX,0.0
1960,LUX,0.0
1964,LUX,0.0
1968,LUX,0.0
1972,LUX,0.0
1976,LUX,0.0
1980,LUX,0.0
1984,LUX,0.0
1988,LUX,0.0
1992,LUX,0.0
1996,LUX,0.0
2000,LUX,0.0
2004,LUX,0.0
2008,LUX,0.0
1896,MAR,
1900,MAR,
1904,MAR,
1908,MAR,
1912,MAR,
1920,MAR,
1924,MAR,
1928,MAR,
1932,MAR,
1936,MAR,
1948,MAR,
1952,MAR,
1956,MAR,
1960,MAR,
1964,MAR,0.0
1968,MAR,0.0
1972,MAR,0.0
1976,MAR,0.0
1980,MAR,0.0
1984,MAR,10.452364633310495
1988,MAR,18.31830216652437
1992,MAR,4.687834357107912
1996,MAR,-6.128417028539523
2000,MAR,11.735729728925715
2004,MAR,-1.1017219460188077
2008,MAR,-4.89122481839126
1896,MAS,
1900,MAS,
1904,MAS,
1908,MAS,
1912,MAS,
1920,MAS,
1924,MAS,
1928,MAS,
1932,MAS,
1936,MAS,
1948,MAS,
1952,MAS,
1956,MAS,
1960,MAS,
1964,MAS,
1968,MAS,
1972,MAS,
1976,MAS,
1980,MAS,
1984,MAS,
1988,MAS,
1992,MAS,
1996,MAS,18.78698224852071
2000,MAS,0.0
2004,MAS,0.0
2008,MAS,-21.618164660843743
1896,MDA,
1900,MDA,
1904,MDA,
1908,MDA,
1912,MDA,
1920,MDA,
1924,MDA,
1928,MDA,
1932,MDA,
1936,MDA,
1948,MDA,
1952,MDA,
1956,MDA,
1960,MDA,
1964,MDA,
1968,MDA,
1972,MDA,
1976,MDA,
1980,MDA,
1984,MDA,
1988,MDA,
1992,MDA,
1996,MDA,
2000,MDA,-19.24731182795698
2004,MDA,0.0
2008,MDA,-20.80699452639706
1896,MEX,
1900,MEX,
1904,MEX,
1908,MEX,
1912,MEX,
1920,MEX,
1924,MEX,
1928,MEX,
1932,MEX,
1936,MEX,231.14285714285714
1948,MEX,0.8903365676445896
1952,MEX,-22.41167739425275
1956,MEX,-14.638324630977962
1960,MEX,-14.04062852913035
1964,MEX,-11.999019405472556
1968,MEX,7.546288617798647
1972,MEX,-9.509401305726705
1976,MEX,-7.106918178252519
1980,MEX,6.892520086635789
1984,MEX,-1.8181707537162417
1988,MEX,-5.765419215163792
1992,MEX,-6.28202851013352
1996,MEX,-5.880389626103632
2000,MEX,-1.9146682156035766
2004,MEX,-3.085448406147462
2008,MEX,-2.888667324520444
1896,MGL,
1900,MGL,
1904,MGL,
1908,MGL,
1912,MGL,
1920,MGL,
1924,MGL,
1928,MGL,
1932,MGL,
1936,MGL,
1948,MGL,
1952,MGL,
1956,MGL,
1960,MGL,
1964,MGL,
1968,MGL,
1972,MGL,-39.12447257383966
1976,MGL,-22.518391933242654
1980,MGL,14.398605495748097
1984,MGL,0.0
1988,MGL,-13.82044663550177
1992,MGL,-5.830224840167542
1996,MGL,-9.762539411754023
2000,MGL,0.0
2004,MGL,-8.419170289396138
2008,MGL,4.3910095742476285
1896,MKD,
1900,MKD,
1904,MKD,
1908,MKD,
1912,MKD,
1920,MKD,
1924,MKD,
1928,MKD,
1932,MKD,
1936,MKD,
1948,MKD,
1952,MKD,
1956,MKD,
1960,MKD,
1964,MKD,
1968,MKD,
1972,MKD,
1976,MKD,
1980,MKD,
1984,MKD,
1988,MKD,
1992,MKD,
1996,MKD,
2000,MKD,
2004,MKD,0.0
2008,MKD,0.0
1896,MOZ,
1900,MOZ,
1904,MOZ,
1908,MOZ,
1912,MOZ,
1920,MOZ,
1924,MOZ,
1928,MOZ,
1932,MOZ,
1936,MOZ,
1948,MOZ,
1952,MOZ,
1956,MOZ,
1960,MOZ,
1964,MOZ,
1968,MOZ,
1972,MOZ,
1976,MOZ,
1980,MOZ,
1984,MOZ,
1988,MOZ,
1992,MOZ,
1996,MOZ,
2000,MOZ,-3.8709677419354716
2004,MOZ,0.0
2008,MOZ,0.0
1896,MRI,
1900,MRI,
1904,MRI,
1908,MRI,
1912,MRI,
1920,MRI,
1924,MRI,
1928,MRI,
1932,MRI,
1936,MRI,
1948,MRI,
1952,MRI,
1956,MRI,
1960,MRI,
1964,MRI,
1968,MRI,
1972,MRI,
1976,MRI,
1980,MRI,
1984,MRI,
1988,MRI,
1992,MRI,
1996,MRI,
2000,MRI,
2004,MRI,
2008,MRI,
1896,NAM,
1900,NAM,
1904,NAM,
1908,NAM,
1912,NAM,
1920,NAM,
1924,NAM,
1928,NAM,
1932,NAM,
1936,NAM,
1948,NAM,
1952,NAM,
1956,NAM,
1960,NAM,
1964,NAM,
1968,NAM,
1972,NAM,
1976,NAM,
1980,NAM,
1984,NAM,
1988,NAM,
1992,NAM,
1996,NAM,-4.142011834319526
2000,NAM,0.0
2004,NAM,0.0
2008,NAM,0.0
1896,NED,
1900,NED,
1904,NED,0.0
1908,NED,-32.48756218905473
1912,NED,-1.9127437143249604
1920,NED,10.739637408265068
1924,NED,0.5348516617199373
1928,NED,36.315242949249
1932,NED,-7.185237396401922
1936,NED,2.0066139519884896
1948,NED,4.313577811955294
1952,NED,-4.777674456729308
1956,NED,0.0
1960,NED,-8.25335204307861
1964,NED,-1.0255974607259577
1968,NED,-4.576523738222116
1972,NED,-6.012304085213726
1976,NED,-4.118049701224258
1980,NED,-5.312150764310375
1984,NED,0.02563701375257743
1988,NED,0.23530791879597945
1992,NED,-1.5410593165094522
1996,NED,2.286353397238061
2000,NED,2.0115745198039603
2004,NED,1.6038363407874678
2008,NED,0.27308507610115385
1896,NGR,
1900,NGR,
1904,NGR,
1908,NGR,
1912,NGR,
1920,NGR,
1924,NGR,
1928,NGR,
1932,NGR,
1936,NGR,
1948,NGR,
1952,NGR,
1956,NGR,
1960,NGR,
1964,NGR,
1968,NGR,0.0
1972,NGR,-7.3839662447257375
1976,NGR,0.0
1980,NGR,0.0
1984,NGR,91.24102330311219
1988,NGR,0.0
1992,NGR,66.9734434994167
1996,NGR,75.52800024994464
2000,NGR,-3.7923551423945323
2004,NGR,-2.718009216150885
2008,NGR,18.04103929285088
1896,NIG,
1900,NIG,
1904,NIG,
1908,NIG,
1912,NIG,
1920,NIG,
1924,NIG,
1928,NIG,
1932,NIG,
1936,NIG,
1948,NIG,
1952,NIG,
1956,NIG,
1960,NIG,
1964,NIG,
1968,NIG,
1972,NIG,
1976,NIG,0.0
1980,NIG,0.0
1984,NIG,0.0
1988,NIG,0.0
1992,NIG,0.0
1996,NIG,0.0
2000,NIG,0.0
2004,NIG,0.0
2008,NIG,0.0
1896,NOR,
1900,NOR,
1904,NOR,0.0
1908,NOR,105.6661138750691
1912,NOR,45.84635289133272
1920,NOR,26.505494954215013
1924,NOR,-11.18117296924791
1928,NOR,-13.100615068069255
1932,NOR,0.0
1936,NOR,-5.406184911040923
1948,NOR,-6.824117690170728
1952,NOR,-7.5303871989852
1956,NOR,-9.192112851717727
1960,NOR,-8.54988342291877
1964,NOR,0.0
1968,NOR,-6.941535294627332
1972,NOR,-6.090769564916543
1976,NOR,-6.064373855858607
1980,NOR,0.0
1984,NOR,-6.027691732215201
1988,NOR,-2.7908543331763735
1992,NOR,-2.8455410448445684
1996,NOR,-2.612565890634855
2000,NOR,-0.6145627454036018
2004,NOR,-4.287068986848475
2008,NOR,-2.5804210262546645
1896,NZL,
1900,NZL,
1904,NZL,
1908,NZL,
1912,NZL,
1920,NZL,
1924,NZL,23.416289592760187
1928,NZL,16.04342830585712
1932,NZL,48.68456850360754
1936,NZL,-6.0672224932742935
1948,NZL,0.0
1952,NZL,19.83114605568219
1956,NZL,11.938882904014037
1960,NZL,8.068877712629563
1964,NZL,18.43733446739715
1968,NZL,15.662444450092593
1972,NZL,26.007164573203667
1976,NZL,36.3806178428673
1980,NZL,0.0
1984,NZL,15.367069857988437
1988,NZL,11.134367188266015
1992,NZL,2.0322217813364407
1996,NZL,-1.8516079420209386
2000,NZL,-4.152920378990421
2004,NZL,-2.9776204015582675
2008,NZL,0.4837667468033491
1896,PAK,
1900,PAK,
1904,PAK,
1908,PAK,
1912,PAK,
1920,PAK,
1924,PAK,
1928,PAK,
1932,PAK,
1936,PAK,
1948,PAK,
1952,PAK,
1956,PAK,
1960,PAK,0.1700680272108679
1964,PAK,-0.00952557055365899
1968,PAK,-5.105027966058618
1972,PAK,-3.162471666885336
1976,PAK,-2.6323923940746896
1980,PAK,0.0
1984,PAK,-3.2351643692950294
1988,PAK,-11.910613478193099
1992,PAK,-2.482732747697447
1996,PAK,0.0
2000,PAK,0.0
2004,PAK,0.0
2008,PAK,0.0
1896,PAN,
1900,PAN,
1904,PAN,
1908,PAN,
1912,PAN,
1920,PAN,
1924,PAN,
1928,PAN,
1932,PAN,
1936,PAN,
1948,PAN,
1952,PAN,0.0
1956,PAN,0.0
1960,PAN,0.0
1964,PAN,0.0
1968,PAN,0.0
1972,PAN,0.0
1976,PAN,0.0
1980,PAN,0.0
1984,PAN,0.0
1988,PAN,0.0
1992,PAN,0.0
1996,PAN,0.0
2000,PAN,0.0
2004,PAN,0.0
2008,PAN,-40.03428011753183
1896,PAR,
1900,PAR,
1904,PAR,
1908,PAR,
1912,PAR,
1920,PAR,
1924,PAR,
1928,PAR,
1932,PAR,
1936,PAR,
1948,PAR,
1952,PAR,
1956,PAR,
1960,PAR,
1964,PAR,
1968,PAR,
1972,PAR,
1976,PAR,
1980,PAR,
1984,PAR,
1988,PAR,
1992,PAR,
1996,PAR,
2000,PAR,
2004,PAR,
2008,PAR,0.0
1896,PER,
1900,PER,
1904,PER,
1908,PER,
1912,PER,
1920,PER,
1924,PER,
1928,PER,
1932,PER,
1936,PER,
1948,PER,
1952,PER,0.0
1956,PER,0.0
1960,PER,0.0
1964,PER,0.0
1968,PER,0.0
1972,PER,0.0
1976,PER,0.0
1980,PER,0.0
1984,PER,-22.104180945853326
1988,PER,237.03807203333963
1992,PER,-20.453816930816913
1996,PER,0.0
2000,PER,0.0
2004,PER,0.0
2008,PER,0.0
1896,PHI,
1900,PHI,
1904,PHI,
1908,PHI,
1912,PHI,
1920,PHI,
1924,PHI,
1928,PHI,
1932,PHI,123.17073170731705
1936,PHI,-21.2136351808483
1948,PHI,0.0
1952,PHI,0.0
1956,PHI,0.0
1960,PHI,0.0
1964,PHI,-15.004864557584241
1968,PHI,0.0
1972,PHI,0.0
1976,PHI,0.0
1980,PHI,0.0
1984,PHI,0.0
1988,PHI,-13.853944404459817
1992,PHI,-11.275721088457736
1996,PHI,-9.509094500848114
2000,PHI,0.0
2004,PHI,0.0
2008,PHI,0.0
1896,POL,
1900,POL,
1904,POL,
1908,POL,
1912,POL,
1920,POL,
1924,POL,
1928,POL,174.11267605633807
1932,POL,33.08842553023208
1936,POL,-12.538012279442967
1948,POL,-18.63855813425166
1952,POL,-11.559478556827486
1956,POL,9.331891539416603
1960,POL,17.446040010862383
1964,POL,20.55652851229375
1968,POL,7.852155657859927
1972,POL,7.185761432682436
1976,POL,11.725828455886234
1980,POL,2.98786527228172
1984,POL,0.0
1988,POL,-3.514384872656917
1992,POL,-0.30145108828554257
1996,POL,-3.505200954668397
2000,POL,-3.0595926753203218
2004,POL,-4.168815237149948
2008,POL,-3.0275497403003393
1896,POR,
1900,POR,
1904,POR,
1908,POR,
1912,POR,
1920,POR,
1924,POR,
1928,POR,0.0
1932,POR,0.0
1936,POR,0.5142857142857116
1948,POR,26.691030272610703
1952,POR,-11.985556720448297
1956,POR,0.0
1960,POR,-8.07674556752962
1964,POR,0.0
1968,POR,0.0
1972,POR,0.0
1976,POR,-9.361228868505279
1980,POR,0.0
1984,POR,-5.0167346554811925
1988,POR,-9.813929342704864
1992,POR,0.0
1996,POR,-4.506050621354996
2000,POR,-6.171254195086462
2004,POR,-3.479153302046023
2008,POR,-4.856870694191517
1896,PRK,
1900,PRK,
1904,PRK,
1908,PRK,
1912,PRK,
1920,PRK,
1924,PRK,
1928,PRK,
1932,PRK,
1936,PRK,
1948,PRK,
1952,PRK,
1956,PRK,
1960,PRK,
1964,PRK,
1968,PRK,
1972,PRK,
1976,PRK,-43.946360153256705
1980,PRK,-16.397929345221872
1984,PRK,0.0
1988,PRK,0.0
1992,PRK,-0.2815141790749154
1996,PRK,-10.906079081183485
2000,PRK,-10.388740824062548
2004,PRK,-6.715705362559654
2008,PRK,-4.162863642329462
1896,PUR,
1900,PUR,
1904,PUR,
1908,PUR,
1912,PUR,
1920,PUR,
1924,PUR,
1928,PUR,
1932,PUR,
1936,PUR,
1948,PUR,
1952,PUR,0.0
1956,PUR,0.0
1960,PUR,0.0
1964,PUR,0.0
1968,PUR,0.0
1972,PUR,0.0
1976,PUR,-18.812260536398473
1980,PUR,0.0
1984,PUR,12.479526651768346
1988,PUR,0.0
1992,PUR,-11.929984554021688
1996,PUR,-9.11112508634303
2000,PUR,0.0
2004,PUR,0.0
2008,PUR,0.0
1896,QAT,
1900,QAT,
1904,QAT,
1908,QAT,
1912,QAT,
1920,QAT,
1924,QAT,
1928,QAT,
1932,QAT,
1936,QAT,
1948,QAT,
1952,QAT,
1956,QAT,
1960,QAT,
1964,QAT,
1968,QAT,
1972,QAT,
1976,QAT,
1980,QAT,
1984,QAT,
1988,QAT,
1992,QAT,
1996,QAT,0.0
2000,QAT,-7.692307692307687
2004,QAT,0.0
2008,QAT,0.0
1896,ROU,
1900,ROU,
1904,ROU,
1908,ROU,
1912,ROU,
1920,ROU,
1924,ROU,
1928,ROU,0.0
1932,ROU,0.0
1936,ROU,-45.60745341614907
1948,ROU,0.0
1952,ROU,-22.735379769393806
1956,ROU,24.08566750648946
1960,ROU,5.068907659463817
1964,ROU,1.8539687385952686
1968,ROU,7.662626697144281
1972,ROU,14.490892818881584
1976,ROU,15.052899881251092
1980,ROU,15.208855013627186
1984,ROU,18.74908333896088
1988,ROU,1.4246573527477713
1992,ROU,0.6761522875093906
1996,ROU,-2.067262015967719
2000,ROU,-1.2644198018126884
2004,ROU,-1.8641036707758185
2008,ROU,-3.5606890350667553
1896,RSA,
1900,RSA,
1904,RSA,
1908,RSA,
1912,RSA,108.98305084745763
1920,RSA,70.40477770404779
1924,RSA,-15.422719231474048
1928,RSA,2.5580939086316645
1932,RSA,0.9674293206330953
1936,RSA,-12.181343954597567
1948,RSA,-3.484556911273551
1952,RSA,15.497881516918799
1956,RSA,0.41418813024520773
1960,RSA,-5.0364254475837145
1964,RSA,0.0
1968,RSA,0.0
1972,RSA,0.0
1976,RSA,0.0
1980,RSA,0.0
1984,RSA,0.0
1988,RSA,0.0
1992,RSA,-6.308757073680549
1996,RSA,-4.643242034454397
2000,RSA,-4.403586423155403
2004,RSA,-1.2723095433010867
2008,RSA,-5.7487992183703485
1896,RU1,
1900,RU1,
1904,RU1,
1908,RU1,
1912,RU1,161.97740112994353
1920,RU1,0.0
1924,RU1,0.0
1928,RU1,0.0
1932,RU1,0.0
1936,RU1,0.0
1948,RU1,0.0
1952,RU1,0.0
1956,RU1,0.0
1960,RU1,0.0
1964,RU1,0.0
1968,RU1,0.0
1972,RU1,0.0
1976,RU1,0.0
1980,RU1,0.0
1984,RU1,0.0
1988,RU1,0.0
1992,RU1,0.0
1996,RU1,0.0
2000,RU1,0.0
2004,RU1,0.0
2008,RU1,0.0
1896,RUS,
1900,RUS,
1904,RUS,
1908,RUS,
1912,RUS,
1920,RUS,
1924,RUS,
1928,RUS,
1932,RUS,
1936,RUS,
1948,RUS,
1952,RUS,
1956,RUS,
1960,RUS,
1964,RUS,
1968,RUS,
1972,RUS,
1976,RUS,
1980,RUS,
1984,RUS,
1988,RUS,
1992,RUS,
1996,RUS,
2000,RUS,25.41093969144459
2004,RUS,7.955310429085305
2008,RUS,-4.096335556848962
1896,SCG,
1900,SCG,
1904,SCG,
1908,SCG,
1912,SCG,
1920,SCG,
1924,SCG,
1928,SCG,
1932,SCG,
1936,SCG,
1948,SCG,
1952,SCG,
1956,SCG,
1960,SCG,
1964,SCG,
1968,SCG,
1972,SCG,
1976,SCG,
1980,SCG,
1984,SCG,
1988,SCG,
1992,SCG,
1996,SCG,
2000,SCG,
2004,SCG,
2008,SCG,0.0
1896,SEN,
1900,SEN,
1904,SEN,
1908,SEN,
1912,SEN,
1920,SEN,
1924,SEN,
1928,SEN,
1932,SEN,
1936,SEN,
1948,SEN,
1952,SEN,
1956,SEN,
1960,SEN,
1964,SEN,
1968,SEN,
1972,SEN,
1976,SEN,
1980,SEN,
1984,SEN,
1988,SEN,
1992,SEN,0.0
1996,SEN,0.0
2000,SEN,0.0
2004,SEN,0.0
2008,SEN,0.0
1896,SIN,
1900,SIN,
1904,SIN,
1908,SIN,
1912,SIN,
1920,SIN,
1924,SIN,
1928,SIN,
1932,SIN,
1936,SIN,
1948,SIN,
1952,SIN,
1956,SIN,
1960,SIN,
1964,SIN,0.0
1968,SIN,0.0
1972,SIN,0.0
1976,SIN,0.0
1980,SIN,0.0
1984,SIN,0.0
1988,SIN,0.0
1992,SIN,0.0
1996,SIN,0.0
2000,SIN,0.0
2004,SIN,0.0
2008,SIN,14.789422135161612
1896,SLO,
1900,SLO,
1904,SLO,
1908,SLO,
1912,SLO,
1920,SLO,
1924,SLO,
1928,SLO,
1932,SLO,
1936,SLO,
1948,SLO,
1952,SLO,
1956,SLO,
1960,SLO,
1964,SLO,
1968,SLO,
1972,SLO,
1976,SLO,
1980,SLO,
1984,SLO,
1988,SLO,
1992,SLO,
1996,SLO,-34.714003944773175
2000,SLO,-11.732124874118844
2004,SLO,5.850695247443682
2008,SLO,2.8139756629802726
1896,SRB,
1900,SRB,
1904,SRB,
1908,SRB,
1912,SRB,
1920,SRB,
1924,SRB,
1928,SRB,
1932,SRB,
1936,SRB,
1948,SRB,
1952,SRB,
1956,SRB,
1960,SRB,
1964,SRB,
1968,SRB,
1972,SRB,
1976,SRB,
1980,SRB,
1984,SRB,
1988,SRB,
1992,SRB,
1996,SRB,
2000,SRB,
2004,SRB,
2008,SRB,
1896,SRI,
1900,SRI,
1904,SRI,
1908,SRI,
1912,SRI,
1920,SRI,
1924,SRI,
1928,SRI,
1932,SRI,
1936,SRI,
1948,SRI,
1952,SRI,0.0
1956,SRI,0.0
1960,SRI,0.0
1964,SRI,0.0
1968,SRI,0.0
1972,SRI,0.0
1976,SRI,0.0
1980,SRI,0.0
1984,SRI,0.0
1988,SRI,0.0
1992,SRI,0.0
1996,SRI,0.0
2000,SRI,-29.8014888337469
2004,SRI,0.0
2008,SRI,0.0
1896,SUD,
1900,SUD,
1904,SUD,
1908,SUD,
1912,SUD,
1920,SUD,
1924,SUD,
1928,SUD,
1932,SUD,
1936,SUD,
1948,SUD,
1952,SUD,
1956,SUD,
1960,SUD,
1964,SUD,
1968,SUD,
1972,SUD,
1976,SUD,
1980,SUD,
1984,SUD,
1988,SUD,
1992,SUD,
1996,SUD,
2000,SUD,
2004,SUD,
2008,SUD,
1896,SUI,
1900,SUI,23.73046875
1904,SUI,-27.563145943303457
1908,SUI,0.0
1912,SUI,0.0
1920,SUI,6.367706654225569
1924,SUI,57.64272072033725
1928,SUI,6.132770981191182
1932,SUI,-13.552698921988181
1936,SUI,12.009509058452593
1948,SUI,3.1240689361902385
1952,SUI,1.730919076413251
1956,SUI,-8.133599983190265
1960,SUI,-4.81891830063812
1964,SUI,-6.068830909688305
1968,SUI,-3.7363721383564363
1972,SUI,-4.898317659380114
1976,SUI,-4.2713503098177235
1980,SUI,-5.5162846718937235
1984,SUI,-2.946616270536895
1988,SUI,-3.9813683487198825
1992,SUI,-4.8562592398571525
1996,SUI,-3.310300969002622
2000,SUI,-2.862764251567085
2004,SUI,-3.512294515457448
2008,SUI,-2.8906925298511466
1896,SUR,
1900,SUR,
1904,SUR,
1908,SUR,
1912,SUR,
1920,SUR,
1924,SUR,
1928,SUR,
1932,SUR,
1936,SUR,
1948,SUR,
1952,SUR,
1956,SUR,
1960,SUR,
1964,SUR,
1968,SUR,
1972,SUR,
1976,SUR,
1980,SUR,
1984,SUR,
1988,SUR,
1992,SUR,-4.662756598240481
1996,SUR,0.0
2000,SUR,0.0
2004,SUR,0.0
2008,SUR,0.0
1896,SVK,
1900,SVK,
1904,SVK,
1908,SVK,
1912,SVK,
1920,SVK,
1924,SVK,
1928,SVK,
1932,SVK,
1936,SVK,
1948,SVK,
1952,SVK,
1956,SVK,
1960,SVK,
1964,SVK,
1968,SVK,
1972,SVK,
1976,SVK,
1980,SVK,
1984,SVK,
1988,SVK,
1992,SVK,
1996,SVK,
2000,SVK,42.25806451612903
2004,SVK,39.33822963805327
2008,SVK,13.273239409075032
1896,SWE,
1900,SWE,
1904,SWE,0.0
1908,SWE,3070.3980099502487
1912,SWE,71.8962260596268
1920,SWE,1.4184908054899692
1924,SWE,-3.2335774795215544
1928,SWE,-8.576808546889293
1932,SWE,-6.745561195757965
1936,SWE,-7.046152505164615
1948,SWE,0.92567900516205
1952,SWE,-0.5756948179242216
1956,SWE,-4.886514596717073
1960,SWE,-7.496254019208248
1964,SWE,-6.129211828499914
1968,SWE,-6.234023437619318
1972,SWE,-4.830157836774496
1976,SWE,-5.467735733959533
1980,SWE,-4.563333949634851
1984,SWE,-3.3495284319165597
1988,SWE,-4.242825720895782
1992,SWE,-2.9921695666158987
1996,SWE,-3.1606162610556154
2000,SWE,-3.0422890243615552
2004,SWE,-3.7869975153921986
2008,SWE,-3.847829091579036
1896,SYR,
1900,SYR,
1904,SYR,
1908,SYR,
1912,SYR,
1920,SYR,
1924,SYR,
1928,SYR,
1932,SYR,
1936,SYR,
1948,SYR,
1952,SYR,
1956,SYR,
1960,SYR,
1964,SYR,
1968,SYR,
1972,SYR,
1976,SYR,
1980,SYR,
1984,SYR,
1988,SYR,0.0
1992,SYR,0.0
1996,SYR,-10.758472296933853
2000,SYR,0.0
2004,SYR,-6.05790640952385
2008,SYR,0.0
1896,TAN,
1900,TAN,
1904,TAN,
1908,TAN,
1912,TAN,
1920,TAN,
1924,TAN,
1928,TAN,
1932,TAN,
1936,TAN,
1948,TAN,
1952,TAN,
1956,TAN,
1960,TAN,
1964,TAN,
1968,TAN,
1972,TAN,
1976,TAN,
1980,TAN,
1984,TAN,0.0
1988,TAN,0.0
1992,TAN,0.0
1996,TAN,0.0
2000,TAN,0.0
2004,TAN,0.0
2008,TAN,0.0
1896,TCH,
1900,TCH,
1904,TCH,
1908,TCH,
1912,TCH,
1920,TCH,
1924,TCH,23.416289592760165
1928,TCH,45.66948528937145
1932,TCH,-13.260259277486064
1936,TCH,12.343451665277527
1948,TCH,13.673787596585928
1952,TCH,11.898986482484798
1956,TCH,-6.741013811976049
1960,TCH,6.199091488598407
1964,TCH,22.02661793948821
1968,TCH,3.2333788368380967
1972,TCH,1.1879052533804835
1976,TCH,-3.6128368241645337
1980,TCH,5.675905010206206
1984,TCH,0.0
1988,TCH,-4.7133596141594065
1992,TCH,-4.8559290643583
1996,TCH,0.0
2000,TCH,0.0
2004,TCH,0.0
2008,TCH,0.0
1896,TGA,
1900,TGA,
1904,TGA,
1908,TGA,
1912,TGA,
1920,TGA,
1924,TGA,
1928,TGA,
1932,TGA,
1936,TGA,
1948,TGA,
1952,TGA,
1956,TGA,
1960,TGA,
1964,TGA,
1968,TGA,
1972,TGA,
1976,TGA,
1980,TGA,
1984,TGA,
1988,TGA,
1992,TGA,
1996,TGA,
2000,TGA,0.0
2004,TGA,0.0
2008,TGA,0.0
1896,THA,
1900,THA,
1904,THA,
1908,THA,
1912,THA,
1920,THA,
1924,THA,
1928,THA,
1932,THA,
1936,THA,
1948,THA,
1952,THA,
1956,THA,
1960,THA,
1964,THA,
1968,THA,
1972,THA,
1976,THA,
1980,THA,0.0
1984,THA,-5.277587388622351
1988,THA,-3.62850709766237
1992,THA,-4.038382149713682
1996,THA,12.054736711476256
2000,THA,16.322879942031342
2004,THA,51.08943748551316
2008,THA,6.022363771353034
1896,TJK,
1900,TJK,
1904,TJK,
1908,TJK,
1912,TJK,
1920,TJK,
1924,TJK,
1928,TJK,
1932,TJK,
1936,TJK,
1948,TJK,
1952,TJK,
1956,TJK,
1960,TJK,
1964,TJK,
1968,TJK,
1972,TJK,
1976,TJK,
1980,TJK,
1984,TJK,
1988,TJK,
1992,TJK,
1996,TJK,
2000,TJK,
2004,TJK,
2008,TJK,
1896,TOG,
1900,TOG,
1904,TOG,
1908,TOG,
1912,TOG,
1920,TOG,
1924,TOG,
1928,TOG,
1932,TOG,
1936,TOG,
1948,TOG,
1952,TOG,
1956,TOG,
1960,TOG,
1964,TOG,
1968,TOG,
1972,TOG,
1976,TOG,
1980,TOG,
1984,TOG,
1988,TOG,
1992,TOG,
1996,TOG,
2000,TOG,
2004,TOG,
2008,TOG,
1896,TPE,
1900,TPE,
1904,TPE,
1908,TPE,
1912,TPE,
1920,TPE,
1924,TPE,
1928,TPE,
1932,TPE,
1936,TPE,
1948,TPE,
1952,TPE,
1956,TPE,
1960,TPE,
1964,TPE,0.0
1968,TPE,-7.225994180407369
1972,TPE,0.0
1976,TPE,0.0
1980,TPE,0.0
1984,TPE,-11.613037833440288
1988,TPE,0.0
1992,TPE,290.4275985006457
1996,TPE,-17.036095781195616
2000,TPE,-2.933582521375988
2004,TPE,7.728559436517624
2008,TPE,-4.7243126342648045
1896,TRI,
1900,TRI,
1904,TRI,
1908,TRI,
1912,TRI,
1920,TRI,
1924,TRI,
1928,TRI,
1932,TRI,
1936,TRI,
1948,TRI,
1952,TRI,41.56355455568055
1956,TRI,0.0
1960,TRI,0.0
1964,TRI,80.52939024534157
1968,TRI,0.0
1972,TRI,0.0
1976,TRI,-18.898248344002955
1980,TRI,0.0
1984,TRI,0.0
1988,TRI,0.0
1992,TRI,0.0
1996,TRI,-11.549636363555127
2000,TRI,-9.321547122554241
2004,TRI,-10.784670453900713
2008,TRI,4.298707471941787
1896,TUN,
1900,TUN,
1904,TUN,
1908,TUN,
1912,TUN,
1920,TUN,
1924,TUN,
1928,TUN,
1932,TUN,
1936,TUN,
1948,TUN,
1952,TUN,
1956,TUN,
1960,TUN,
1964,TUN,
1968,TUN,-1.0184287099903044
1972,TUN,-18.98182890684703
1976,TUN,0.0
1980,TUN,0.0
1984,TUN,0.0
1988,TUN,0.0
1992,TUN,0.0
1996,TUN,-16.5313298421458
2000,TUN,0.0
2004,TUN,0.0
2008,TUN,-12.610664884356282
1896,TUR,
1900,TUR,
1904,TUR,
1908,TUR,
1912,TUR,
1920,TUR,
1924,TUR,
1928,TUR,
1932,TUR,
1936,TUR,
1948,TUR,272.48157248157247
1952,TUR,-20.121243914431542
1956,TUR,4.076139919331645
1960,TUR,8.833324239449226
1964,TUR,-3.8135772928426293
1968,TUR,-10.545569466685933
1972,TUR,-10.908506257305827
1976,TUR,0.0
1980,TUR,0.0
1984,TUR,-7.242095468348242
1988,TUR,-7.63818101504814
1992,TUR,-2.7672593383220256
1996,TUR,-2.865544758910399
2000,TUR,-3.6974676785934912
2004,TUR,0.6265264280002736
2008,TUR,-1.0258681001287684
1896,UAE,
1900,UAE,
1904,UAE,
1908,UAE,
1912,UAE,
1920,UAE,
1924,UAE,
1928,UAE,
1932,UAE,
1936,UAE,
1948,UAE,
1952,UAE,
1956,UAE,
1960,UAE,
1964,UAE,
1968,UAE,
1972,UAE,
1976,UAE,
1980,UAE,
1984,UAE,
1988,UAE,
1992,UAE,
1996,UAE,
2000,UAE,
2004,UAE,
2008,UAE,0.0
1896,UGA,
1900,UGA,
1904,UGA,
1908,UGA,
1912,UGA,
1920,UGA,
1924,UGA,
1928,UGA,
1932,UGA,
1936,UGA,
1948,UGA,
1952,UGA,
1956,UGA,
1960,UGA,
1964,UGA,
1968,UGA,
1972,UGA,-6.497890295358655
1976,UGA,0.0
1980,UGA,-20.083526592555767
1984,UGA,0.0
1988,UGA,0.0
1992,UGA,0.0
1996,UGA,-15.722487085079806
2000,UGA,0.0
2004,UGA,0.0
2008,UGA,0.0
1896,UKR,
1900,UKR,
1904,UKR,
1908,UKR,
1912,UKR,
1920,UKR,
1924,UKR,
1928,UKR,
1932,UKR,
1936,UKR,
1948,UKR,
1952,UKR,
1956,UKR,
1960,UKR,
1964,UKR,
1968,UKR,
1972,UKR,
1976,UKR,
1980,UKR,
1984,UKR,
1988,UKR,
1992,UKR,
1996,UKR,
2000,UKR,-2.5142314990512338
2004,UKR,11.580875279172131
2008,UKR,-5.922763926313223
1896,URS,
1900,URS,
1904,URS,
1908,URS,
1912,URS,
1920,URS,
1924,URS,
1928,URS,
1932,URS,
1936,URS,
1948,URS,
1952,URS,
1956,URS,22.548650345260523
1960,URS,6.267491458557939
1964,URS,0.12897770268558428
1968,URS,1.2508514438559493
1972,URS,0.4122895922171521
1976,URS,3.5955371521983803
1980,URS,9.538213010724306
1984,URS,0.0
1988,URS,-0.439002538206712
1992,URS,0.0
1996,URS,0.0
2000,URS,0.0
2004,URS,0.0
2008,URS,0.0
1896,URU,
1900,URU,
1904,URU,
1908,URU,
1912,URU,
1920,URU,
1924,URU,
1928,URU,12.25352112676057
1932,URU,-31.393192567718998
1936,URU,0.0
1948,URU,-20.192721755003507
1952,URU,0.5909399390311432
1956,URU,-1.9791707075925813
1960,URU,0.0
1964,URU,-13.347886169333112
1968,URU,0.0
1972,URU,0.0
1976,URU,0.0
1980,URU,0.0
1984,URU,0.0
1988,URU,0.0
1992,URU,0.0
1996,URU,0.0
2000,URU,-12.02532269972033
2004,URU,0.0
2008,URU,0.0
1896,USA,
1900,USA,-9.4482421875
1904,USA,199.65124510248216
1908,USA,-19.549222067076922
1912,USA,-12.105732646470413
1920,USA,-6.915096557650157
1924,USA,-0.7594205603769888
1928,USA,-6.2005071442882365
1932,USA,3.7391844284543785
1936,USA,-5.397316711277577
1948,USA,-1.4424757097714402
1952,USA,-2.6119845687215815
1956,USA,-2.7477443405795055
1960,USA,-2.6465674984490706
1964,USA,-1.6251612760818435
1968,USA,-1.5747461474565738
1972,USA,-1.8360773500325722
1976,USA,-2.0205686487946517
1980,USA,0.0
1984,USA,1.304939048657272
1988,USA,-1.6310744178361758
1992,USA,-1.329329989343886
1996,USA,-1.0103776406153009
2000,USA,-1.3418417332669574
2004,USA,-1.0319223851652404
2008,USA,-0.4500307563544026
1896,UZB,
1900,UZB,
1904,UZB,
1908,UZB,
1912,UZB,
1920,UZB,
1924,UZB,
1928,UZB,
1932,UZB,
1936,UZB,
1948,UZB,
1952,UZB,
1956,UZB,
1960,UZB,
1964,UZB,
1968,UZB,
1972,UZB,
1976,UZB,
1980,UZB,
1984,UZB,
1988,UZB,
1992,UZB,
1996,UZB,
2000,UZB,42.25806451612905
2004,UZB,21.17033889520661
2008,UZB,14.610625202158033
1896,VEN,
1900,VEN,
1904,VEN,
1908,VEN,
1912,VEN,
1920,VEN,
1924,VEN,
1928,VEN,
1932,VEN,
1936,VEN,
1948,VEN,
1952,VEN,
1956,VEN,0.0
1960,VEN,0.3968253968253732
1964,VEN,0.0
1968,VEN,-4.704617975819425
1972,VEN,0.0
1976,VEN,-7.199204039858865
1980,VEN,-5.561843048746362
1984,VEN,19.668355841960338
1988,VEN,0.0
1992,VEN,0.0
1996,VEN,0.0
2000,VEN,0.0
2004,VEN,-1.6159694419200066
2008,VEN,-6.987341853906093
1896,VIE,
1900,VIE,
1904,VIE,
1908,VIE,
1912,VIE,
1920,VIE,
1924,VIE,
1928,VIE,
1932,VIE,
1936,VIE,
1948,VIE,
1952,VIE,
1956,VIE,
1960,VIE,
1964,VIE,
1968,VIE,
1972,VIE,
1976,VIE,
1980,VIE,
1984,VIE,
1988,VIE,
1992,VIE,
1996,VIE,
2000,VIE,
2004,VIE,0.0
2008,VIE,-0.6611165523995988
1896,YUG,
1900,YUG,
1904,YUG,
1908,YUG,
1912,YUG,
1920,YUG,
1924,YUG,
1928,YUG,323.5211267605632
1932,YUG,0.0
1936,YUG,-29.357594184996906
1948,YUG,47.596769463917845
1952,YUG,34.043607747124405
1956,YUG,15.67720934373944
1960,YUG,3.488615827626629
1964,YUG,-0.9202744688032727
1968,YUG,8.564598110300391
1972,YUG,-1.1915499027949195
1976,YUG,-1.3230442455516411
1980,YUG,12.034867205251398
1984,YUG,16.657913936369283
1988,YUG,6.102727370634287
1992,YUG,0.0
1996,YUG,-2.6677324921803303
2000,YUG,-2.6964450949308216
2004,YUG,0.0
2008,YUG,0.0
1896,ZAM,
1900,ZAM,
1904,ZAM,
1908,ZAM,
1912,ZAM,
1920,ZAM,
1924,ZAM,
1928,ZAM,
1932,ZAM,
1936,ZAM,
1948,ZAM,
1952,ZAM,
1956,ZAM,
1960,ZAM,
1964,ZAM,
1968,ZAM,
1972,ZAM,
1976,ZAM,
1980,ZAM,
1984,ZAM,
1988,ZAM,0.0
1992,ZAM,0.0
1996,ZAM,-10.758472296933853
2000,ZAM,0.0
2004,ZAM,0.0
2008,ZAM,0.0
1896,ZIM,
1900,ZIM,
1904,ZIM,
1908,ZIM,
1912,ZIM,
1920,ZIM,
1924,ZIM,
1928,ZIM,
1932,ZIM,
1936,ZIM,
1948,ZIM,
1952,ZIM,
1956,ZIM,
1960,ZIM,
1964,ZIM,
1968,ZIM,
1972,ZIM,
1976,ZIM,
1980,ZIM,
1984,ZIM,0.0
1988,ZIM,0.0
1992,ZIM,0.0
1996,ZIM,0.0
2000,ZIM,0.0
2004,ZIM,-43.49192942942942
2008,ZIM,-23.316533428519502
1896,ZZX,
1900,ZZX,33.56119791666667
1904,ZZX,-22.642384140302106
1908,ZZX,0.0
1912,ZZX,0.0
1920,ZZX,0.0
1924,ZZX,0.0
1928,ZZX,0.0
1932,ZZX,0.0
1936,ZZX,0.0
1948,ZZX,0.0
1952,ZZX,0.0
1956,ZZX,0.0
1960,ZZX,0.0
1964,ZZX,0.0
1968,ZZX,0.0
1972,ZZX,0.0
1976,ZZX,0.0
1980,ZZX,0.0
1984,ZZX,0.0
1988,ZZX,0.0
1992,ZZX,0.0
1996,ZZX,0.0
2000,ZZX,0.0
2004,ZZX,0.0
2008,ZZX,0.0
